ARM,TOTAL,DROPOUT_N,COMPLETED_N,AVG_AGE,AVG_AE_COUNT,DROPOUT_RATE
Placebo,86,28,58,75.20930232558139,3.5,32.6
Xanomeline High Dose,84,57,27,74.38095238095238,5.416666666666667,67.9
Xanomeline Low Dose,84,59,25,75.66666666666667,5.178571428571429,70.2
